C1	1	15.15082393340888	I	10.843056438287288	I	0
I18	1	10.843056438287288	C	15.15082393340888	C	13.2741605964
C2	2	15.15082393340888	I	11.3939773768008	I	0
I63	2	11.3939773768008	C	14.065358290441333	I	10.7036227755
I29	2	14.065358290441333	I	15.15082393340888	C	12.9600439876
C3	3	10.447418511699624	C	10.447418511699624	C	0
C4	4	12.273284588453684	I	12.581216095012342	I	0
I34	4	12.581216095012342	C	12.426296536093144	I	9.71416074389
I28	4	12.426296536093144	I	12.273284588453684	C	11.9012616526
C5	5	13.385270895702757	I	9.942265532966479	I	0
I35	5	9.942265532966479	C	11.115104126962537	I	10.336574846
I70	5	11.115104126962537	I	13.385270895702757	C	12.0545905474
C6	6	11.536026936331455	C	11.536026936331455	C	0
C7	7	12.273284588453684	I	8.154377629641052	I	0
I56	7	8.154377629641052	C	11.972889858309594	I	12.0250508315
I68	7	11.972889858309594	I	12.273284588453684	C	8.05088637531
C8	8	11.972889858309594	C	11.972889858309594	C	0
C9	9	14.240712153602946	I	9.461537681994532	I	0
I45	9	9.461537681994532	C	14.240712153602946	C	11.8515698131
C10	10	14.964263354264494	I	10.066216493459896	I	0
I40	10	10.066216493459896	C	9.942265532966479	I	9.87413722546
I55	10	9.942265532966479	I	14.964263354264494	C	12.280406432
C11	11	10.318773597292786	I	6.605647173393503	I	0
I96	11	6.605647173393503	C	10.843056438287288	I	7.15234209801
I93	11	10.843056438287288	I	10.318773597292786	C	9.30690438647
C12	12	11.972889858309594	I	9.3450324703105	I	0
I37	12	9.3450324703105	C	10.066216493459896	I	8.55163575114
I99	12	10.066216493459896	I	11.972889858309594	C	5.89182437061
C13	13	11.115104126962537	I	9.579495372778311	I	0
I89	13	9.579495372778311	C	16.523521570791278	I	12.0366685004
I19	13	16.523521570791278	I	11.115104126962537	C	8.65388968461
C14	14	13.892163657590258	C	13.892163657590258	C	0
C15	15	9.698923650826302	C	9.698923650826302	C	0
C16	16	14.065358290441333	I	9.229961852537704	I	0
I42	16	9.229961852537704	C	14.065358290441333	C	12.1165328454
C17	17	12.273284588453684	I	8.78367526813589	I	0
I95	17	8.78367526813589	C	12.273284588453684	C	8.31049932162
C18	18	10.843056438287288	I	13.220450559773676	I	0
I21	18	13.220450559773676	C	5.622941443563677	I	4.17612220335
I81	18	5.622941443563677	I	10.843056438287288	C	11.4844494873
C19	19	13.892163657590258	I	6.688000265765443	I	0
I85	19	6.688000265765443	C	13.892163657590258	C	12.2219371771
C20	20	10.577667251778836	I	6.855799356779705	I	0
I26	20	6.855799356779705	C	11.825460960989183	I	8.73553416334
I67	20	11.825460960989183	I	10.577667251778836	C	11.5273506144
C21	21	10.97823762568905	I	8.568690457604625	I	0
I27	21	8.568690457604625	C	11.536026936331455	I	8.82505237791
I44	21	11.536026936331455	I	10.97823762568905	C	11.8257488849
C22	22	9.229961852537704	I	8.78367526813589	I	0
I43	22	8.78367526813589	C	11.3939773768008	I	9.81514855845
I66	22	11.3939773768008	I	9.229961852537704	C	12.319010394
C23	23	8.675516955938345	I	10.066216493459896	I	0
I15	23	10.066216493459896	C	17.579525755360788	I	11.4920671739
I10	23	17.579525755360788	I	8.675516955938345	C	8.07560946137
C24	24	9.942265532966479	C	9.942265532966479	C	0
C25	25	10.577667251778836	C	10.577667251778836	C	0
C26	26	11.679847438237678	C	11.679847438237678	C	0
C27	27	10.318773597292786	I	7.476949706145677	I	0
I46	27	7.476949706145677	C	10.318773597292786	C	4.30796228306
C28	28	10.318773597292786	I	10.066216493459896	I	0
I72	28	10.066216493459896	C	10.318773597292786	C	10.3187735973
C29	29	10.577667251778836	C	10.577667251778836	C	0
C30	30	11.536026936331455	C	11.536026936331455	C	0
C31	31	12.896873472510286	C	12.896873472510286	C	0
C32	32	10.843056438287288	C	10.843056438287288	C	0
C33	33	13.220450559773676	I	7.204133190269737	I	0
I54	33	7.204133190269737	C	13.220450559773676	C	11.1750172183
C34	34	7.027808455842162	C	7.027808455842162	C	0
C35	35	11.825460960989183	C	11.825460960989183	C	0
C36	36	11.536026936331455	I	11.253676953040564	I	0
I23	36	11.253676953040564	C	7.7600976316956105	I	6.60564717339
I82	36	7.7600976316956105	I	11.536026936331455	C	10.1374238885
C37	37	6.688000265765443	I	7.204133190269737	I	0
I76	37	7.204133190269737	C	6.688000265765443	C	6.77138006024
C38	38	6.605647173393503	C	6.605647173393503	C	0
C39	39	14.78	I	8.358967506983737	I	0
I7	39	8.358967506983737	C	10.066216493459896	I	11.809258174
I47	39	10.066216493459896	I	14.78	C	8.99476261705
C40	40	10.70953981254382	C	10.70953981254382	C	0
C41	41	7.3848818375239516	I	7.6645432041113954	I	0
I50	41	7.6645432041113954	C	7.3848818375239516	C	5.02241246363
C42	42	10.97823762568905	I	10.843056438287288	I	0
I11	42	10.843056438287288	C	9.004053956411697	I	7.95779022705
I58	42	9.004053956411697	I	10.97823762568905	C	12.0245013551
C43	43	11.3939773768008	I	10.318773597292786	I	0
I92	43	10.318773597292786	C	6.5243081407634484	I	6.52430814076
I90	43	6.5243081407634484	I	11.3939773768008	C	11.2829328609
C44	44	9.3450324703105	I	5.76401866030455	I	0
I53	44	5.76401866030455	C	11.972889858309594	I	10.7000969425
I13	44	11.972889858309594	I	9.3450324703105	C	8.95945667286
C45	45	9.579495372778311	C	9.579495372778311	C	0
C46	46	9.116308163717983	I	7.7600976316956105	I	0
I88	46	7.7600976316956105	C	6.9412711149423965	I	4.92357106122
I59	46	6.9412711149423965	I	9.116308163717983	C	9.89005189272
C47	47	11.3939773768008	I	8.154377629641052	I	0
I65	47	8.154377629641052	C	11.679847438237678	I	8.15267337919
I52	47	11.679847438237678	I	11.3939773768008	C	15.0306581657
C48	48	12.426296536093144	C	12.426296536093144	C	0
C49	49	12.426296536093144	I	8.053968211655981	I	0
I69	49	8.053968211655981	C	5.76401866030455	I	0.401341859914
I57	49	5.76401866030455	I	12.426296536093144	C	12.2187153135
C50	50	14.065358290441333	C	14.065358290441333	C	0
I8	51	7.3848818375239516	I	6.208845168950004	I	11.9728898583
I91	51	6.208845168950004	I	7.3848818375239516	I	8.93969194346
I61	51	6.2862513013545795	I	6.771380060237146	I	4.66859492247
I1	51	6.771380060237146	I	6.2862513013545795	I	13.3241736991
I73	51	3.78246122518484	I	8.893181998019298	I	9.07925108812
I16	51	8.893181998019298	I	13.552146058962641	I	23.4135019899
I9	51	13.552146058962641	I	3.78246122518484	I	10.2132173412
I14	51	8.256038859274138	I	9.698923650826302	I	13.8921636576
I3	51	9.698923650826302	I	8.256038859274138	I	16.1489419547
I48	51	9.698923650826302	I	6.2862513013545795	I	13.9818304094
I80	51	6.2862513013545795	I	6.2862513013545795	I	6.20183200481
I60	51	6.2862513013545795	I	9.698923650826302	I	8.25993388571
I24	51	9.461537681994532	I	8.78367526813589	I	10.0119056716
I49	51	8.78367526813589	I	7.2939476521240865	I	10.4474185117
I17	51	7.2939476521240865	I	9.461537681994532	I	14.6000005162
I51	51	11.679847438237678	I	10.191712759754719	I	9.16619836593
I6	51	10.191712759754719	I	12.738067047542346	I	12.1796757597
I87	51	12.738067047542346	I	11.679847438237678	I	21.2101966333
I77	51	6.9412711149423965	I	7.8568433434030664	I	8.98568476278
I39	51	7.8568433434030664	I	9.116308163717983	I	16.4681841164
I33	51	9.116308163717983	I	6.9412711149423965	I	7.20413319027
I2	52	0	N	0	N	14.8984639712
I4	52	0	N	0	N	11.6798474382
I5	52	0	N	0	N	9.94226553297
I12	52	0	N	0	N	10.7095398125
I20	52	0	N	0	N	7.02780845584
I22	52	0	N	0	N	6.77138006024
I25	52	0	N	0	N	10.5776672518
I30	52	0	N	0	N	11.5360269363
I31	52	0	N	0	N	12.8968734725
I32	52	0	N	0	N	10.8430564383
I36	52	0	N	0	N	10.7501040476
I38	52	0	N	0	N	6.60564717339
I41	52	0	N	0	N	8.17536084384
I62	52	0	N	0	N	0.0
I64	52	0	N	0	N	3.54336949341
I71	52	0	N	0	N	14.075039161
I74	52	0	N	0	N	6.88346172968
I75	52	0	N	0	N	7.46411378107
I78	52	0	N	0	N	5.67376327015
I79	52	0	N	0	N	7.93381197686
I83	52	0	N	0	N	0.0
I84	52	0	N	0	N	0.0
I86	52	0	N	0	N	3.78922728262
I94	52	0	N	0	N	2.9465366235
I97	52	0	N	0	N	5.06466134771
I98	52	0	N	0	N	8.26083260201
I100	52	0	N	0	N	7.13914838452
C1	1	12.896873472510286	I	10.447418511699624	I	0
I12	1	10.447418511699624	C	12.896873472510286	C	11.1433355427
C2	2	13.721101667237797	I	7.7600976316956105	I	0
I2	2	7.7600976316956105	C	13.385270895702757	I	11.3817371552
I6	2	13.385270895702757	I	13.721101667237797	C	12.1573781266
C3	3	13.721101667237797	I	7.7600976316956105	I	0
I59	3	7.7600976316956105	C	11.972889858309594	I	9.92147348625
I86	3	11.972889858309594	I	13.721101667237797	C	14.2509032599
C4	4	15.530951682080874	I	14.964263354264494	I	0
I16	4	14.964263354264494	C	7.027808455842162	I	6.0023285117
I7	4	7.027808455842162	I	15.530951682080874	C	16.4021177468
C5	5	11.536026936331455	I	9.3450324703105	I	0
I64	5	9.3450324703105	C	15.530951682080874	I	12.1564037746
I80	5	15.530951682080874	I	11.536026936331455	C	9.62373716936
C6	6	12.426296536093144	I	12.426296536093144	I	0
I73	6	12.426296536093144	C	6.208845168950004	I	7.5144877578
I55	6	6.208845168950004	I	12.426296536093144	C	10.2967561532
C7	7	13.892163657590258	I	11.3939773768008	I	0
I42	7	11.3939773768008	C	10.70953981254382	I	9.97234167049
I93	7	10.70953981254382	I	13.892163657590258	C	12.8167132212
C8	8	11.972889858309594	C	11.972889858309594	C	0
C9	9	16.523521570791278	I	4.906519914815634	I	0
I35	9	4.906519914815634	C	13.05765974893583	I	12.0119006141
I26	9	13.05765974893583	I	16.523521570791278	C	13.3760439313
C10	10	15.530951682080874	C	15.530951682080874	C	0
C11	11	10.577667251778836	I	6.056880602692996	I	0
I78	11	6.056880602692996	C	9.942265532966479	I	8.19650428656
I77	11	9.942265532966479	I	10.577667251778836	C	12.5775252933
C12	12	6.771380060237146	C	6.771380060237146	C	0
C13	13	11.825460960989183	I	8.358967506983737	I	0
I83	13	8.358967506983737	C	12.738067047542346	I	11.8666881813
I41	13	12.738067047542346	I	11.825460960989183	C	9.17834953211
C14	14	14.065358290441333	I	11.115104126962537	I	0
I29	14	11.115104126962537	C	7.6645432041113954	I	11.7934385467
I14	14	7.6645432041113954	I	14.065358290441333	C	9.63695260672
C15	15	14.598005583599068	I	11.3939773768008	I	0
I17	15	11.3939773768008	C	7.8568433434030664	I	8.42238148655
I45	15	7.8568433434030664	I	14.598005583599068	C	12.0842156292
C16	16	11.536026936331455	I	9.3450324703105	I	0
I72	16	9.3450324703105	C	9.942265532966479	I	7.37674340044
I31	16	9.942265532966479	I	11.536026936331455	C	8.75358598807
C17	17	10.843056438287288	C	10.843056438287288	C	0
C18	18	12.426296536093144	I	13.220450559773676	I	0
I58	18	13.220450559773676	C	10.97823762568905	I	10.8575185748
I25	18	10.97823762568905	I	12.426296536093144	C	11.7004164805
C19	19	14.41825216635924	C	14.41825216635924	C	0
C20	20	10.577667251778836	I	7.204133190269737	I	0
I47	20	7.204133190269737	C	10.843056438287288	I	1.49044365318
I91	20	10.843056438287288	I	10.577667251778836	C	3.42054386813
C21	21	14.065358290441333	C	14.065358290441333	C	0
C22	22	10.191712759754719	I	10.70953981254382	I	0
I37	22	10.70953981254382	C	10.447418511699624	I	6.92916260234
I39	22	10.447418511699624	I	10.191712759754719	C	10.6023350485
C23	23	12.12215676260807	I	11.253676953040564	I	0
I30	23	11.253676953040564	C	10.97823762568905	I	4.9479755908
I34	23	10.97823762568905	I	12.12215676260807	C	5.55529417768
C24	24	8.154377629641052	I	9.461537681994532	I	0
I67	24	9.461537681994532	C	8.154377629641052	C	1.91373076565
C25	25	11.115104126962537	I	10.577667251778836	I	0
I92	25	10.577667251778836	C	11.115104126962537	C	4.94810852358
C26	26	8.053968211655981	C	8.053968211655981	C	0
C27	27	8.053968211655981	C	8.053968211655981	C	0
C28	28	5.90863544459794	C	5.90863544459794	C	0
C29	29	9.698923650826302	I	9.229961852537704	I	0
I95	29	9.229961852537704	C	8.568690457604625	I	1.56976919914
I43	29	8.568690457604625	I	9.698923650826302	C	13.0146128649
C30	30	13.552146058962641	I	10.191712759754719	I	0
I33	30	10.191712759754719	C	11.825460960989183	I	8.42171832216
I52	30	11.825460960989183	I	13.552146058962641	C	14.5663853625
C31	31	10.577667251778836	I	8.893181998019298	I	0
I89	31	8.893181998019298	C	10.577667251778836	C	8.04737814937
C32	32	9.461537681994532	C	9.461537681994532	C	0
C33	33	12.896873472510286	I	12.426296536093144	I	0
I20	33	12.426296536093144	C	12.896873472510286	C	7.77892947327
C34	34	8.893181998019298	C	8.893181998019298	C	0
C35	35	12.273284588453684	I	9.004053956411697	I	0
I76	35	9.004053956411697	C	9.698923650826302	I	1.8411047598
I15	35	9.698923650826302	I	12.273284588453684	C	15.5231755282
C36	36	9.698923650826302	C	9.698923650826302	C	0
C37	37	10.70953981254382	I	10.318773597292786	I	0
I56	37	10.318773597292786	C	8.154377629641052	I	3.12177066176
I100	37	8.154377629641052	I	10.70953981254382	C	10.5924966298
C38	38	10.70953981254382	I	5.835879107692293	I	0
I23	38	5.835879107692293	C	10.70953981254382	C	9.69892365083
C39	39	8.256038859274138	C	8.256038859274138	C	0
C40	40	10.843056438287288	I	11.253676953040564	I	0
I61	40	11.253676953040564	C	10.843056438287288	C	3.71468015544
C41	41	11.253676953040564	C	11.253676953040564	C	0
C42	42	7.570165391701924	I	6.5243081407634484	I	0
I97	42	6.5243081407634484	C	8.256038859274138	I	2.58934859589
I71	42	8.256038859274138	I	7.570165391701924	C	13.3156955052
C43	43	9.004053956411697	C	9.004053956411697	C	0
C44	44	10.97823762568905	I	10.577667251778836	I	0
I18	44	10.577667251778836	C	10.97823762568905	C	10.9832315662
C45	45	12.12215676260807	C	12.12215676260807	C	0
C46	46	16.93808972117337	C	16.93808972117337	C	0
C47	47	10.447418511699624	I	5.48531716170319	I	0
I63	47	5.48531716170319	C	10.447418511699624	C	4.60835329564
C48	48	11.536026936331455	C	11.536026936331455	C	0
C49	49	9.698923650826302	C	9.698923650826302	C	0
C50	50	11.825460960989183	C	11.825460960989183	C	0
I46	51	12.273284588453684	I	13.05765974893583	I	16.9380897212
I24	51	13.05765974893583	I	12.273284588453684	I	14.9865878592
I19	51	6.9412711149423965	I	12.273284588453684	I	14.5615282229
I51	51	12.273284588453684	I	6.9412711149423965	I	7.30290715953
I99	51	5.553703016873691	I	8.463179373764842	I	11.2563655697
I79	51	8.463179373764842	I	5.553703016873691	I	7.47706070876
I53	51	9.3450324703105	I	7.8568433434030664	I	8.9261789353
I48	51	7.8568433434030664	I	9.3450324703105	I	11.5360269363
I87	51	10.843056438287288	I	9.116308163717983	I	10.2256898449
I90	51	9.116308163717983	I	15.920616674796197	I	16.4020503292
I88	51	15.920616674796197	I	10.843056438287288	I	6.26630204965
I40	51	4.443511381256271	I	8.256038859274138	I	13.7193205489
I82	51	8.256038859274138	I	4.443511381256271	I	10.7299391085
I57	51	10.447418511699624	I	5.029622419156699	I	17.5313773183
I84	51	5.029622419156699	I	6.771380060237146	I	5.25613326009
I66	51	6.771380060237146	I	10.447418511699624	I	15.0525667326
I32	51	11.679847438237678	I	9.116308163717983	I	17.4241632766
I44	51	9.116308163717983	I	11.679847438237678	I	10.0662164935
I4	51	7.954795191061123	I	9.579495372778311	I	12.7380670475
I68	51	9.579495372778311	I	7.3848818375239516	I	10.3513004086
I96	51	7.3848818375239516	I	7.954795191061123	I	15.0935993131
I1	52	0	N	0	N	11.6798474382
I3	52	0	N	0	N	7.95479519106
I5	52	0	N	0	N	13.6930625524
I8	52	0	N	0	N	11.9728898583
I9	52	0	N	0	N	6.92581681671
I10	52	0	N	0	N	15.5309516821
I11	52	0	N	0	N	10.5981572722
I13	52	0	N	0	N	10.0543938479
I21	52	0	N	0	N	14.0653582904
I22	52	0	N	0	N	9.57949537278
I27	52	0	N	0	N	8.05396821166
I28	52	0	N	0	N	5.9086354446
I36	52	0	N	0	N	9.69892365083
I38	52	0	N	0	N	5.15581351314
I49	52	0	N	0	N	9.97372113558
I50	52	0	N	0	N	11.825460961
I54	52	0	N	0	N	0.0
I60	52	0	N	0	N	0.0
I62	52	0	N	0	N	5.97251903084
I65	52	0	N	0	N	9.68066232674
I69	52	0	N	0	N	11.9116485439
I70	52	0	N	0	N	8.09699291817
I74	52	0	N	0	N	10.0457685351
I75	52	0	N	0	N	8.55481280387
I81	52	0	N	0	N	10.8897278361
I85	52	0	N	0	N	8.03513061784
I94	52	0	N	0	N	3.37199232536
I98	52	0	N	0	N	8.27569687842
C1	1	13.721101667237797	I	12.273284588453684	I	0
I44	1	12.273284588453684	C	7.570165391701924	I	7.92874456877
I97	1	7.570165391701924	I	13.721101667237797	C	13.1208447219
C2	2	9.942265532966479	I	4.228658974629453	I	0
I100	2	4.228658974629453	C	13.220450559773676	I	10.8558056143
I16	2	13.220450559773676	I	9.942265532966479	C	8.06371138403
C3	3	14.598005583599068	I	9.116308163717983	I	0
I43	3	9.116308163717983	C	13.892163657590258	I	11.9736546425
I85	3	13.892163657590258	I	14.598005583599068	C	12.1654812455
C4	4	14.598005583599068	I	12.896873472510286	I	0
I57	4	12.896873472510286	C	13.892163657590258	I	11.6016503851
I67	4	13.892163657590258	I	14.598005583599068	C	12.919900149
C5	5	13.892163657590258	I	8.256038859274138	I	0
I74	5	8.256038859274138	C	13.892163657590258	C	11.1260916661
C6	6	14.065358290441333	I	11.536026936331455	I	0
I58	6	11.536026936331455	C	14.065358290441333	C	12.1629530433
C7	7	13.05765974893583	C	13.05765974893583	C	0
C8	8	11.253676953040564	I	5.982298840142438	I	0
I40	8	5.982298840142438	C	14.41825216635924	I	11.1241844192
I76	8	14.41825216635924	I	11.253676953040564	C	13.1779012769
C9	9	12.896873472510286	I	7.476949706145677	I	0
I56	9	7.476949706145677	C	12.896873472510286	C	11.5823266835
C10	10	10.70953981254382	C	10.70953981254382	C	0
C11	11	14.598005583599068	I	8.256038859274138	I	0
I38	11	8.256038859274138	C	13.385270895702757	I	12.1524815868
I51	11	13.385270895702757	I	14.598005583599068	C	14.7361268495
C12	12	10.843056438287288	I	9.461537681994532	I	0
I5	12	9.461537681994532	C	11.679847438237678	I	12.4580294902
I79	12	11.679847438237678	I	10.843056438287288	C	8.81638645843
C13	13	14.41825216635924	I	11.536026936331455	I	0
I19	13	11.536026936331455	C	13.220450559773676	I	12.6045038465
I66	13	13.220450559773676	I	14.41825216635924	C	11.8091739296
C14	14	7.2939476521240865	C	7.2939476521240865	C	0
C15	15	12.581216095012342	I	10.843056438287288	I	0
I60	15	10.843056438287288	C	12.581216095012342	C	10.6542379129
C16	16	8.675516955938345	I	5.982298840142438	I	0
I72	16	5.982298840142438	C	14.240712153602946	I	12.1372632071
I21	16	14.240712153602946	I	8.675516955938345	C	10.6588759864
C17	17	11.825460960989183	C	11.825460960989183	C	0
C18	18	6.132392181599069	C	6.132392181599069	C	0
C19	19	18.93619018104237	C	18.93619018104237	C	0
C20	20	11.972889858309594	I	11.253676953040564	I	0
I53	20	11.253676953040564	C	10.577667251778836	I	9.16431143995
I92	20	10.577667251778836	I	11.972889858309594	C	13.6177204111
C21	21	13.220450559773676	C	13.220450559773676	C	0
C22	22	7.027808455842162	C	7.027808455842162	C	0
C23	23	11.536026936331455	I	10.066216493459896	I	0
I24	23	10.066216493459896	C	11.536026936331455	C	8.96779025131
C24	24	9.004053956411697	I	6.9412711149423965	I	0
I55	24	6.9412711149423965	C	11.536026936331455	I	8.60461890923
I39	24	11.536026936331455	I	9.004053956411697	C	5.14880156114
C25	25	12.426296536093144	I	10.066216493459896	I	0
I65	25	10.066216493459896	C	5.029622419156699	I	11.4501837465
I86	25	5.029622419156699	I	12.426296536093144	C	6.7279810235
C26	26	10.318773597292786	I	8.358967506983737	I	0
I78	26	8.358967506983737	C	10.318773597292786	C	8.16548283046
C27	27	15.15082393340888	I	4.906519914815634	I	0
I52	27	4.906519914815634	C	15.15082393340888	C	9.43339317783
C28	28	8.358967506983737	I	8.154377629641052	I	0
I33	28	8.154377629641052	C	8.358967506983737	C	5.34672410477
C29	29	10.318773597292786	I	10.191712759754719	I	0
I46	29	10.191712759754719	C	6.771380060237146	I	3.18835735416
I45	29	6.771380060237146	I	10.318773597292786	C	12.6073835178
C30	30	12.273284588453684	C	12.273284588453684	C	0
C31	31	11.3939773768008	I	11.253676953040564	I	0
I54	31	11.253676953040564	C	8.893181998019298	I	5.62539580623
I95	31	8.893181998019298	I	11.3939773768008	C	12.7380670475
C32	32	10.70953981254382	C	10.70953981254382	C	0
C33	33	8.568690457604625	C	8.568690457604625	C	0
C34	34	11.972889858309594	I	11.536026936331455	I	0
I59	34	11.536026936331455	C	10.843056438287288	I	10.2689883812
I88	34	10.843056438287288	I	11.972889858309594	C	9.99593065952
C35	35	11.253676953040564	C	11.253676953040564	C	0
C36	36	7.8568433434030664	C	7.8568433434030664	C	0
C37	37	9.004053956411697	I	8.78367526813589	I	0
I70	37	8.78367526813589	C	9.004053956411697	C	6.42125537438
C38	38	13.05765974893583	I	8.358967506983737	I	0
I8	38	8.358967506983737	C	7.204133190269737	I	13.2204505598
I96	38	7.204133190269737	I	13.05765974893583	C	7.81899236483
C39	39	8.893181998019298	C	8.893181998019298	C	0
C40	40	5.693043070845401	C	5.693043070845401	C	0
C41	41	7.027808455842162	C	7.027808455842162	C	0
C42	42	6.364622461742748	C	6.364622461742748	C	0
C43	43	13.220450559773676	I	10.70953981254382	I	0
I27	43	10.70953981254382	C	13.220450559773676	C	12.538484609
C44	44	11.253676953040564	I	7.8568433434030664	I	0
I49	44	7.8568433434030664	C	11.253676953040564	C	8.69806150867
C45	45	10.843056438287288	C	10.843056438287288	C	0
C46	46	12.273284588453684	I	10.97823762568905	I	0
I61	46	10.97823762568905	C	6.443970681189828	I	6.87974752451
I9	46	6.443970681189828	I	12.273284588453684	C	12.2732845885
C47	47	11.3939773768008	C	11.3939773768008	C	0
C48	48	14.41825216635924	I	12.896873472510286	I	0
I81	48	12.896873472510286	C	11.825460960989183	I	15.3933684787
I37	48	11.825460960989183	I	14.41825216635924	C	7.90237423929
C49	49	9.698923650826302	I	8.893181998019298	I	0
I25	49	8.893181998019298	C	11.536026936331455	I	9.80942114399
I36	49	11.536026936331455	I	9.698923650826302	C	10.0187237787
C50	50	12.273284588453684	C	12.273284588453684	C	0
I91	51	5.417773379861634	I	9.229961852537704	I	6.32615634296
I80	51	9.229961852537704	I	12.273284588453684	I	18.054629443
I26	51	12.273284588453684	I	5.417773379861634	I	12.6790281214
I14	51	12.426296536093144	I	9.819840850058812	I	9.67049565826
I10	51	9.819840850058812	I	8.893181998019298	I	28.4149317883
I71	51	8.893181998019298	I	12.426296536093144	I	10.7667574773
I82	51	7.204133190269737	I	9.116308163717983	I	15.9878960489
I28	51	9.116308163717983	I	10.97823762568905	I	14.3247089074
I1	51	10.97823762568905	I	7.204133190269737	I	10.3187735973
I47	51	10.577667251778836	I	9.698923650826302	I	13.7935278728
I64	51	9.698923650826302	I	8.78367526813589	I	11.6388765429
I35	51	8.78367526813589	I	10.577667251778836	I	11.253676953
I4	51	5.553703016873691	I	10.191712759754719	I	11.8753755976
I41	51	10.191712759754719	I	5.553703016873691	I	8.96376209799
I77	51	12.426296536093144	I	7.570165391701924	I	7.91369620572
I83	51	7.570165391701924	I	10.066216493459896	I	10.1917127598
I93	51	10.066216493459896	I	12.426296536093144	I	20.576901024
I6	51	9.004053956411697	I	10.97823762568905	I	12.7380670475
I87	51	10.97823762568905	I	10.318773597292786	I	10.3850104699
I63	51	10.318773597292786	I	9.004053956411697	I	12.6488995596
I2	52	0	N	0	N	6.36462246174
I3	52	0	N	0	N	8.67551695594
I7	52	0	N	0	N	13.0576597489
I11	52	0	N	0	N	9.10156821714
I12	52	0	N	0	N	10.5776672518
I13	52	0	N	0	N	12.7380670475
I15	52	0	N	0	N	12.1221567626
I17	52	0	N	0	N	11.9541058754
I18	52	0	N	0	N	6.1323921816
I20	52	0	N	0	N	8.89318199802
I22	52	0	N	0	N	7.02780845584
I23	52	0	N	0	N	8.15437762964
I29	52	0	N	0	N	10.287529351
I30	52	0	N	0	N	12.2732845885
I31	52	0	N	0	N	10.7179676755
I32	52	0	N	0	N	10.7095398125
I34	52	0	N	0	N	11.5360269363
I42	52	0	N	0	N	6.36462246174
I48	52	0	N	0	N	14.2407121536
I50	52	0	N	0	N	12.2732845885
I62	52	0	N	0	N	5.34152130487
I68	52	0	N	0	N	0.0
I69	52	0	N	0	N	9.27801183709
I73	52	0	N	0	N	0.0
I75	52	0	N	0	N	8.99088967262
I84	52	0	N	0	N	7.50019987356
I89	52	0	N	0	N	0.0
I90	52	0	N	0	N	7.28589457747
I94	52	0	N	0	N	6.23745150227
I98	52	0	N	0	N	0.0
I99	52	0	N	0	N	0.0
C1	1	9.579495372778311	I	10.066216493459896	I	0
I38	1	10.066216493459896	C	11.825460960989183	I	10.4846134342
I62	1	11.825460960989183	I	9.579495372778311	C	10.2787473419
C2	2	13.385270895702757	I	8.358967506983737	I	0
I83	2	8.358967506983737	C	10.70953981254382	I	9.62773761539
I64	2	10.70953981254382	I	13.385270895702757	C	13.9531172816
C3	3	12.273284588453684	I	9.698923650826302	I	0
I34	3	9.698923650826302	C	12.426296536093144	I	9.19730854151
I44	3	12.426296536093144	I	12.273284588453684	C	13.0680162547
C4	4	9.819840850058812	C	9.819840850058812	C	0
C5	5	11.972889858309594	I	5.693043070845401	I	0
I60	5	5.693043070845401	C	14.065358290441333	I	11.7604417778
I20	5	14.065358290441333	I	11.972889858309594	C	12.6053963931
C6	6	13.220450559773676	I	7.2939476521240865	I	0
I42	6	7.2939476521240865	C	8.358967506983737	I	9.69635045901
I75	6	8.358967506983737	I	13.220450559773676	C	10.0471049086
C7	7	13.05765974893583	I	11.253676953040564	I	0
I88	7	11.253676953040564	C	7.027808455842162	I	7.53728059527
I85	7	7.027808455842162	I	13.05765974893583	C	10.6229602225
C8	8	12.426296536093144	I	11.3939773768008	I	0
I87	8	11.3939773768008	C	9.3450324703105	I	6.47915009129
I91	8	9.3450324703105	I	12.426296536093144	C	12.1429535942
C9	9	15.920616674796197	I	7.7600976316956105	I	0
I76	9	7.7600976316956105	C	15.920616674796197	C	10.5115859906
C10	10	14.240712153602946	I	12.12215676260807	I	0
I53	10	12.12215676260807	C	14.240712153602946	C	15.3262091594
C11	11	8.053968211655981	C	8.053968211655981	C	0
C12	12	13.05765974893583	C	13.05765974893583	C	0
C13	13	11.253676953040564	I	10.191712759754719	I	0
I46	13	10.191712759754719	C	7.570165391701924	I	10.9081314015
I33	13	7.570165391701924	I	11.253676953040564	C	8.57007248794
C14	14	13.552146058962641	I	14.964263354264494	I	0
I16	14	14.964263354264494	C	7.6645432041113954	I	8.69053858827
I73	14	7.6645432041113954	I	13.552146058962641	C	11.3228736845
C15	15	12.581216095012342	I	11.536026936331455	I	0
I66	15	11.536026936331455	C	12.581216095012342	C	12.1666522171
C16	16	10.843056438287288	I	9.819840850058812	I	0
I14	16	9.819840850058812	C	17.579525755360788	I	15.3505875497
I18	16	17.579525755360788	I	10.843056438287288	C	11.4265599505
C17	17	16.32005819696419	C	16.32005819696419	C	0
C18	18	13.721101667237797	C	13.721101667237797	C	0
C19	19	14.065358290441333	I	13.552146058962641	I	0
I98	19	13.552146058962641	C	10.066216493459896	I	11.5245266887
I36	19	10.066216493459896	I	14.065358290441333	C	10.3760852278
C20	20	8.053968211655981	C	8.053968211655981	C	0
C21	21	13.220450559773676	I	5.220091421925717	I	0
I19	21	5.220091421925717	C	12.738067047542346	I	10.4931899521
I30	21	12.738067047542346	I	13.220450559773676	C	15.0410073231
C22	22	12.12215676260807	C	12.12215676260807	C	0
C23	23	13.552146058962641	I	14.065358290441333	I	0
I40	23	14.065358290441333	C	13.552146058962641	C	10.0006978848
C24	24	7.2939476521240865	C	7.2939476521240865	C	0
C25	25	12.581216095012342	C	12.581216095012342	C	0
C26	26	8.053968211655981	C	8.053968211655981	C	0
C27	27	9.819840850058812	I	9.819840850058812	I	0
I54	27	9.819840850058812	C	11.972889858309594	I	7.93740725841
I48	27	11.972889858309594	I	9.819840850058812	C	10.1166969044
C28	28	8.358967506983737	C	8.358967506983737	C	0
C29	29	9.229961852537704	C	9.229961852537704	C	0
C30	30	10.066216493459896	I	12.738067047542346	I	0
I77	30	12.738067047542346	C	12.273284588453684	I	10.0356850851
I5	30	12.273284588453684	I	10.066216493459896	C	13.5699192982
C31	31	11.115104126962537	C	11.115104126962537	C	0
C32	32	10.577667251778836	I	9.229961852537704	I	0
I37	32	9.229961852537704	C	8.463179373764842	I	5.82100845005
I65	32	8.463179373764842	I	10.577667251778836	C	12.0023815163
C33	33	9.461537681994532	I	4.125160448020673	I	0
I24	33	4.125160448020673	C	9.461537681994532	C	8.33283543613
C34	34	8.053968211655981	C	8.053968211655981	C	0
C35	35	14.065358290441333	I	14.41825216635924	I	0
I86	35	14.41825216635924	C	10.447418511699624	I	12.257217528
I15	35	10.447418511699624	I	14.065358290441333	C	11.115104127
C36	36	7.7600976316956105	C	7.7600976316956105	C	0
C37	37	11.536026936331455	I	14.598005583599068	I	0
I51	37	14.598005583599068	C	8.78367526813589	I	8.12782418232
I96	37	8.78367526813589	I	11.536026936331455	C	14.8525101221
C38	38	13.892163657590258	C	13.892163657590258	C	0
C39	39	10.843056438287288	I	9.004053956411697	I	0
I74	39	9.004053956411697	C	13.552146058962641	I	14.209291363
I61	39	13.552146058962641	I	10.843056438287288	C	6.62861700748
C40	40	6.364622461742748	C	6.364622461742748	C	0
C41	41	12.738067047542346	I	11.972889858309594	I	0
I97	41	11.972889858309594	C	11.115104126962537	I	9.96253296121
I52	41	11.115104126962537	I	12.738067047542346	C	14.570063486
C42	42	8.78367526813589	I	8.463179373764842	I	0
I17	42	8.463179373764842	C	8.78367526813589	C	8.05396821166
C43	43	9.579495372778311	I	6.364622461742748	I	0
I55	43	6.364622461742748	C	9.579495372778311	C	8.15136843169
C44	44	10.447418511699624	I	8.78367526813589	I	0
I59	44	8.78367526813589	C	10.447418511699624	C	9.88652942026
C45	45	11.825460960989183	C	11.825460960989183	C	0
C46	46	11.115104126962537	C	11.115104126962537	C	0
C47	47	16.32005819696419	I	8.675516955938345	I	0
I2	47	8.675516955938345	C	10.066216493459896	I	8.6297837836
I49	47	10.066216493459896	I	16.32005819696419	C	16.6353645015
C48	48	9.579495372778311	I	7.3848818375239516	I	0
I63	48	7.3848818375239516	C	11.825460960989183	I	13.6404307369
I57	48	11.825460960989183	I	9.579495372778311	C	0.0
C49	49	11.679847438237678	I	4.334754235388375	I	0
I50	49	4.334754235388375	C	10.191712759754719	I	7.15579194075
I11	49	10.191712759754719	I	11.679847438237678	C	11.9592198631
C50	50	8.256038859274138	I	10.577667251778836	I	0
I94	50	10.577667251778836	C	8.256038859274138	C	6.14426065193
I7	51	12.426296536093144	I	10.447418511699624	I	13.6766137571
I45	51	10.447418511699624	I	8.256038859274138	I	11.825460961
I71	51	8.256038859274138	I	12.426296536093144	I	9.33118741529
I21	51	8.78367526813589	I	6.056880602692996	I	5.41777337986
I92	51	6.056880602692996	I	8.78367526813589	I	10.7915448473
I72	51	5.982298840142438	I	6.771380060237146	I	10.6996889618
I35	51	6.771380060237146	I	5.622941443563677	I	12.4262965361
I9	51	5.622941443563677	I	5.982298840142438	I	9.00405395641
I69	51	5.982298840142438	I	7.3848818375239516	I	9.04280523341
I22	51	7.3848818375239516	I	9.3450324703105	I	12.1221567626
I58	51	9.3450324703105	I	5.982298840142438	I	11.0728968687
I79	51	9.819840850058812	I	8.568690457604625	I	9.89825889658
I31	51	8.568690457604625	I	9.461537681994532	I	11.9264466846
I4	51	9.461537681994532	I	9.819840850058812	I	9.81984085006
I28	51	9.004053956411697	I	10.447418511699624	I	8.71701325928
I56	51	10.447418511699624	I	7.570165391701924	I	10.9759067014
I100	51	7.570165391701924	I	9.004053956411697	I	8.79295627126
I23	51	8.675516955938345	I	12.581216095012342	I	12.7380670475
I41	51	12.581216095012342	I	8.893181998019298	I	10.7719100521
I8	51	8.893181998019298	I	8.675516955938345	I	11.9728898583
I1	52	0	N	0	N	12.37753716
I3	52	0	N	0	N	8.89318199802
I6	52	0	N	0	N	5.62294144356
I10	52	0	N	0	N	10.7095398125
I12	52	0	N	0	N	13.0576597489
I13	52	0	N	0	N	8.15437762964
I25	52	0	N	0	N	12.581216095
I26	52	0	N	0	N	8.83378598484
I27	52	0	N	0	N	20.9205031587
I29	52	0	N	0	N	10.8962947576
I32	52	0	N	0	N	10.7074730916
I39	52	0	N	0	N	8.89318199802
I43	52	0	N	0	N	10.020004159
I47	52	0	N	0	N	11.9745151501
I67	52	0	N	0	N	0.0
I68	52	0	N	0	N	8.49610512643
I70	52	0	N	0	N	13.5285534896
I78	52	0	N	0	N	7.25277488714
I80	52	0	N	0	N	13.2167475542
I81	52	0	N	0	N	10.4622083125
I82	52	0	N	0	N	3.07188578834
I84	52	0	N	0	N	5.45640301107
I89	52	0	N	0	N	6.72521511537
I90	52	0	N	0	N	8.94970490208
I93	52	0	N	0	N	9.12001116932
I95	52	0	N	0	N	8.1219527347
I99	52	0	N	0	N	9.59079345409
C1	1	12.273284588453684	I	11.3939773768008	I	0
I95	1	11.3939773768008	C	6.771380060237146	I	4.36009083069
I11	1	6.771380060237146	I	12.273284588453684	C	13.7944446262
C2	2	13.220450559773676	I	8.893181998019298	I	0
I51	2	8.893181998019298	C	11.825460960989183	I	14.4949857357
I72	2	11.825460960989183	I	13.220450559773676	C	10.4935960044
C3	3	11.972889858309594	C	11.972889858309594	C	0
C4	4	15.530951682080874	I	13.552146058962641	I	0
I79	4	13.552146058962641	C	7.6645432041113954	I	7.56474653297
I92	4	7.6645432041113954	I	15.530951682080874	C	10.2915961167
C5	5	8.893181998019298	I	7.3848818375239516	I	0
I25	5	7.3848818375239516	C	14.240712153602946	I	11.7466212705
I60	5	14.240712153602946	I	8.893181998019298	C	11.6428469863
C6	6	13.05765974893583	C	13.05765974893583	C	0
C7	7	14.598005583599068	I	8.256038859274138	I	0
I3	7	8.256038859274138	C	9.698923650826302	I	11.0039402184
I69	7	9.698923650826302	I	14.598005583599068	C	11.526449849
C8	8	10.97823762568905	I	11.679847438237678	I	0
I15	8	11.679847438237678	C	11.679847438237678	I	12.5660883531
I90	8	11.679847438237678	I	10.97823762568905	C	10.0364073676
C9	9	11.253676953040564	C	11.253676953040564	C	0
C10	10	16.523521570791278	C	16.523521570791278	C	0
C11	11	13.721101667237797	I	7.954795191061123	I	0
I91	11	7.954795191061123	C	13.892163657590258	I	12.4547546917
I87	11	13.892163657590258	I	13.721101667237797	C	12.0023064847
C12	12	14.598005583599068	C	14.598005583599068	C	0
C13	13	13.05765974893583	I	7.7600976316956105	I	0
I43	13	7.7600976316956105	C	10.191712759754719	I	4.73429642873
I80	13	10.191712759754719	I	13.05765974893583	C	10.3130737857
C14	14	13.220450559773676	C	13.220450559773676	C	0
C15	15	8.358967506983737	I	10.191712759754719	I	0
I82	15	10.191712759754719	C	8.358967506983737	C	9.12927467659
C16	16	11.679847438237678	C	11.679847438237678	C	0
C17	17	10.447418511699624	C	10.447418511699624	C	0
C18	18	8.893181998019298	I	7.7600976316956105	I	0
I22	18	7.7600976316956105	C	12.581216095012342	I	3.26148304716
I35	18	12.581216095012342	I	8.893181998019298	C	9.94453468747
C19	19	11.972889858309594	I	8.78367526813589	I	0
I65	19	8.78367526813589	C	6.771380060237146	I	4.77804108097
I66	19	6.771380060237146	I	11.972889858309594	C	4.54883926597
C20	20	9.116308163717983	I	6.056880602692996	I	0
I68	20	6.056880602692996	C	11.825460960989183	I	3.3870603917
I98	20	11.825460960989183	I	9.116308163717983	C	10.2024308349
C21	21	8.256038859274138	I	5.48531716170319	I	0
I40	21	5.48531716170319	C	8.256038859274138	C	8.13278241692
C22	22	12.738067047542346	I	10.318773597292786	I	0
I37	22	10.318773597292786	C	12.738067047542346	C	4.92094445552
C23	23	16.729521537563656	C	16.729521537563656	C	0
C24	24	12.738067047542346	I	4.388795937372466	I	0
I70	24	4.388795937372466	C	12.738067047542346	C	0.0
C25	25	8.893181998019298	C	8.893181998019298	C	0
C26	26	12.12215676260807	I	7.027808455842162	I	0
I49	26	7.027808455842162	C	8.893181998019298	I	0.0
I81	26	8.893181998019298	I	12.12215676260807	C	12.4481132761
C27	27	7.3848818375239516	C	7.3848818375239516	C	0
C28	28	10.191712759754719	I	11.825460960989183	I	0
I99	28	11.825460960989183	C	10.191712759754719	C	2.38160525408
C29	29	6.9412711149423965	I	8.053968211655981	I	0
I77	29	8.053968211655981	C	9.116308163717983	I	2.11777182982
I48	29	9.116308163717983	I	6.9412711149423965	C	6.24965437727
C30	30	10.97823762568905	I	9.942265532966479	I	0
I41	30	9.942265532966479	C	10.97823762568905	C	2.04596766496
C31	31	11.972889858309594	I	8.053968211655981	I	0
I88	31	8.053968211655981	C	11.679847438237678	I	2.11897971654
I29	31	11.679847438237678	I	11.972889858309594	C	11.9728898583
C32	32	12.12215676260807	C	12.12215676260807	C	0
C33	33	8.256038859274138	C	8.256038859274138	C	0
C34	34	14.964263354264494	I	7.204133190269737	I	0
I76	34	7.204133190269737	C	7.6645432041113954	I	1.87445930729
I62	34	7.6645432041113954	I	14.964263354264494	C	15.9856041866
C35	35	4.66928014621567	C	4.66928014621567	C	0
C36	36	9.698923650826302	C	9.698923650826302	C	0
C37	37	9.942265532966479	C	9.942265532966479	C	0
C38	38	10.843056438287288	C	10.843056438287288	C	0
C39	39	7.115424664177875	I	6.2862513013545795	I	0
I27	39	6.2862513013545795	C	11.253676953040564	I	8.39925478758
I12	39	11.253676953040564	I	7.115424664177875	C	7.8568433434
C40	40	18.472717530473933	C	18.472717530473933	C	0
C41	41	14.41825216635924	C	14.41825216635924	C	0
C42	42	11.536026936331455	C	11.536026936331455	C	0
C43	43	6.771380060237146	C	6.771380060237146	C	0
C44	44	8.675516955938345	I	6.771380060237146	I	0
I93	44	6.771380060237146	C	8.675516955938345	C	1.74368808598
C45	45	10.97823762568905	I	6.2862513013545795	I	0
I100	45	6.2862513013545795	C	10.97823762568905	C	4.87858246258
C46	46	12.738067047542346	C	12.738067047542346	C	0
C47	47	8.053968211655981	C	8.053968211655981	C	0
C48	48	10.577667251778836	I	11.972889858309594	I	0
I75	48	11.972889858309594	C	14.240712153602946	I	10.4540842086
I78	48	14.240712153602946	I	10.577667251778836	C	12.2702153572
C49	49	9.229961852537704	C	9.229961852537704	C	0
C50	50	13.385270895702757	I	10.447418511699624	I	0
I1	50	10.447418511699624	C	13.552146058962641	I	8.82553453219
I74	50	13.552146058962641	I	13.385270895702757	C	12.2057145696
I6	51	11.3939773768008	I	13.552146058962641	I	13.0576597489
I67	51	13.552146058962641	I	11.115104126962537	I	12.2507399539
I64	51	11.115104126962537	I	11.3939773768008	I	12.4570532379
I55	51	13.05765974893583	I	7.2939476521240865	I	8.87692925843
I53	51	7.2939476521240865	I	10.843056438287288	I	12.9588712862
I45	51	10.843056438287288	I	13.05765974893583	I	12.7732564155
I23	51	5.622941443563677	I	10.843056438287288	I	16.7295215376
I36	51	10.843056438287288	I	6.688000265765443	I	9.69892365083
I96	51	6.688000265765443	I	5.622941443563677	I	8.93374245081
I54	51	7.570165391701924	I	10.191712759754719	I	11.6053028626
I10	51	10.191712759754719	I	7.570165391701924	I	16.5235215708
I46	51	9.461537681994532	I	10.191712759754719	I	12.7380670475
I2	51	10.191712759754719	I	9.461537681994532	I	10.7195079909
I61	51	4.554997197801913	I	7.7600976316956105	I	11.8859340926
I85	51	7.7600976316956105	I	5.982298840142438	I	6.89533714938
I26	51	5.982298840142438	I	4.554997197801913	I	10.0662164935
I4	51	8.78367526813589	I	12.426296536093144	I	13.8365493924
I73	51	12.426296536093144	I	8.78367526813589	I	9.60466894162
I5	52	0	N	0	N	6.85579935678
I7	52	0	N	0	N	9.48678272967
I8	52	0	N	0	N	9.11630816372
I9	52	0	N	0	N	11.253676953
I13	52	0	N	0	N	11.9728898583
I14	52	0	N	0	N	13.2204505598
I16	52	0	N	0	N	11.6798474382
I17	52	0	N	0	N	10.4474185117
I18	52	0	N	0	N	10.1206142554
I19	52	0	N	0	N	11.825460961
I20	52	0	N	0	N	8.68918877727
I21	52	0	N	0	N	6.45348999421
I24	52	0	N	0	N	6.93750405665
I28	52	0	N	0	N	16.0191285317
I30	52	0	N	0	N	14.7424524918
I31	52	0	N	0	N	10.4378991987
I32	52	0	N	0	N	12.1221567626
I33	52	0	N	0	N	8.489445327
I34	52	0	N	0	N	7.48853652371
I38	52	0	N	0	N	10.8430564383
I39	52	0	N	0	N	6.56712118305
I42	52	0	N	0	N	16.3850257731
I44	52	0	N	0	N	7.94107702146
I47	52	0	N	0	N	8.05396821166
I50	52	0	N	0	N	12.0498210698
I52	52	0	N	0	N	11.089816768
I56	52	0	N	0	N	11.353434371
I57	52	0	N	0	N	10.8743727383
I58	52	0	N	0	N	10.0968658319
I59	52	0	N	0	N	2.35412057486
I63	52	0	N	0	N	5.58328033792
I71	52	0	N	0	N	0.0
I83	52	0	N	0	N	6.50152939763
I84	52	0	N	0	N	2.90777480834
I86	52	0	N	0	N	6.58177931478
I89	52	0	N	0	N	6.70849952455
I94	52	0	N	0	N	8.59529940492
I97	52	0	N	0	N	6.44228079399
C1	1	11.3939773768008	I	11.115104126962537	I	0
I74	1	11.115104126962537	C	14.41825216635924	I	12.5395001777
I79	1	14.41825216635924	I	11.3939773768008	C	9.11618264397
C2	2	10.97823762568905	I	10.577667251778836	I	0
I29	2	10.577667251778836	C	12.581216095012342	I	8.48368378034
I3	2	12.581216095012342	I	10.97823762568905	C	11.550077567
C3	3	12.738067047542346	I	7.8568433434030664	I	0
I95	3	7.8568433434030664	C	12.738067047542346	C	9.10305255746
C4	4	12.273284588453684	I	10.191712759754719	I	0
I12	4	10.191712759754719	C	13.220450559773676	I	12.5063766018
I100	4	13.220450559773676	I	12.273284588453684	C	9.75610697451
C5	5	11.679847438237678	I	5.76401866030455	I	0
I10	5	5.76401866030455	C	10.447418511699624	I	8.60289843904
I18	5	10.447418511699624	I	11.679847438237678	C	8.09574453411
C6	6	10.066216493459896	I	9.698923650826302	I	0
I98	6	9.698923650826302	C	10.066216493459896	C	6.6009806039
C7	7	11.825460960989183	C	11.825460960989183	C	0
C8	8	9.942265532966479	I	11.3939773768008	I	0
I5	8	11.3939773768008	C	9.942265532966479	C	7.65278373862
C9	9	8.78367526813589	I	6.208845168950004	I	0
I53	9	6.208845168950004	C	8.675516955938345	I	7.29367043296
I15	9	8.675516955938345	I	8.78367526813589	C	7.34927111547
C10	10	12.738067047542346	I	7.570165391701924	I	0
I92	10	7.570165391701924	C	12.738067047542346	C	6.6195299412
C11	11	13.721101667237797	I	9.229961852537704	I	0
I16	11	9.229961852537704	C	11.3939773768008	I	8.71110325199
I86	11	11.3939773768008	I	13.721101667237797	C	13.2291848979
C12	12	12.896873472510286	C	12.896873472510286	C	0
C13	13	13.552146058962641	I	9.461537681994532	I	0
I89	13	9.461537681994532	C	6.688000265765443	I	12.2392829082
I57	13	6.688000265765443	I	13.552146058962641	C	6.0845945382
C14	14	9.3450324703105	C	9.3450324703105	C	0
C15	15	8.463179373764842	I	5.417773379861634	I	0
I62	15	5.417773379861634	C	13.220450559773676	I	8.99468679012
I60	15	13.220450559773676	I	8.463179373764842	C	7.29007179714
C16	16	14.78	I	9.579495372778311	I	0
I52	16	9.579495372778311	C	10.843056438287288	I	6.85078237663
I73	16	10.843056438287288	I	14.78	C	19.4167622552
C17	17	15.15082393340888	I	9.819840850058812	I	0
I75	17	9.819840850058812	C	15.15082393340888	C	12.827916584
C18	18	12.12215676260807	I	11.825460960989183	I	0
I19	18	11.825460960989183	C	12.12215676260807	C	7.10393961665
C19	19	12.273284588453684	I	12.581216095012342	I	0
I64	19	12.581216095012342	C	8.78367526813589	I	9.60360039366
I72	19	8.78367526813589	I	12.273284588453684	C	11.6959484698
C20	20	10.70953981254382	C	10.70953981254382	C	0
C21	21	9.229961852537704	C	9.229961852537704	C	0
C22	22	13.721101667237797	I	9.3450324703105	I	0
I54	22	9.3450324703105	C	9.942265532966479	I	5.77468097383
I20	22	9.942265532966479	I	13.721101667237797	C	18.6450005225
C23	23	8.893181998019298	C	8.893181998019298	C	0
C24	24	11.825460960989183	I	8.053968211655981	I	0
I38	24	8.053968211655981	C	9.004053956411697	I	2.47303458473
I51	24	9.004053956411697	I	11.825460960989183	C	9.14160197463
C25	25	10.843056438287288	C	10.843056438287288	C	0
C26	26	10.318773597292786	C	10.318773597292786	C	0
C27	27	5.835879107692293	I	4.554997197801913	I	0
I81	27	4.554997197801913	C	10.577667251778836	I	0.92665885204
I28	27	10.577667251778836	I	5.835879107692293	C	0.0
C28	28	6.443970681189828	C	6.443970681189828	C	0
C29	29	9.819840850058812	C	9.819840850058812	C	0
C30	30	10.191712759754719	I	8.675516955938345	I	0
I82	30	8.675516955938345	C	10.191712759754719	C	0.0
C31	31	11.115104126962537	I	10.318773597292786	I	0
I31	31	10.318773597292786	C	12.738067047542346	I	3.68442045263
I84	31	12.738067047542346	I	11.115104126962537	C	9.96970794332
C32	32	10.318773597292786	I	10.191712759754719	I	0
I93	32	10.191712759754719	C	4.334754235388375	I	4.72586136455
I48	32	4.334754235388375	I	10.318773597292786	C	2.1244733734
C33	33	10.318773597292786	I	7.027808455842162	I	0
I33	33	7.027808455842162	C	10.318773597292786	C	2.657346678
C34	34	13.220450559773676	C	13.220450559773676	C	0
C35	35	12.273284588453684	I	7.954795191061123	I	0
I47	35	7.954795191061123	C	12.273284588453684	C	0.0
C36	36	14.41825216635924	I	12.426296536093144	I	0
I42	36	12.426296536093144	C	7.476949706145677	I	0.0
I25	36	7.476949706145677	I	14.41825216635924	C	16.3309571083
C37	37	12.426296536093144	I	8.893181998019298	I	0
I34	37	8.893181998019298	C	12.426296536093144	C	12.136825072
C38	38	10.843056438287288	I	5.982298840142438	I	0
I80	38	5.982298840142438	C	10.843056438287288	C	1.74174506144
C39	39	9.461537681994532	C	9.461537681994532	C	0
C40	40	13.385270895702757	C	13.385270895702757	C	0
C41	41	8.463179373764842	C	8.463179373764842	C	0
C42	42	6.5243081407634484	C	6.5243081407634484	C	0
C43	43	14.065358290441333	C	14.065358290441333	C	0
C44	44	11.3939773768008	I	10.191712759754719	I	0
I55	44	10.191712759754719	C	11.3939773768008	C	9.98782658392
C45	45	11.3939773768008	I	10.447418511699624	I	0
I70	45	10.447418511699624	C	10.97823762568905	I	10.1071780828
I67	45	10.97823762568905	I	11.3939773768008	C	13.3141204547
C46	46	5.622941443563677	C	5.622941443563677	C	0
C47	47	12.426296536093144	C	12.426296536093144	C	0
C48	48	12.12215676260807	I	4.498908966629934	I	0
I90	48	4.498908966629934	C	6.605647173393503	I	1.80365346387
I71	48	6.605647173393503	I	12.12215676260807	C	9.91881377867
C49	49	9.461537681994532	C	9.461537681994532	C	0
C50	50	11.972889858309594	C	11.972889858309594	C	0
I1	51	11.679847438237678	I	10.318773597292786	I	13.1496578811
I8	51	10.318773597292786	I	11.679847438237678	I	17.7050420959
I65	51	7.570165391701924	I	11.536026936331455	I	9.29809101573
I99	51	11.536026936331455	I	10.577667251778836	I	10.2318869078
I35	51	10.577667251778836	I	7.570165391701924	I	14.0260103796
I27	51	8.256038859274138	I	9.942265532966479	I	8.94715562175
I4	51	9.942265532966479	I	8.256038859274138	I	10.349219008
I14	51	10.70953981254382	I	8.358967506983737	I	9.34503247031
I56	51	8.358967506983737	I	10.70953981254382	I	14.4361158048
I91	51	7.204133190269737	I	11.536026936331455	I	6.43940504088
I76	51	11.536026936331455	I	9.3450324703105	I	15.8915417836
I37	51	9.3450324703105	I	7.204133190269737	I	8.5686904576
I45	51	6.771380060237146	I	4.176589128739991	I	8.5686904576
I40	51	4.176589128739991	I	11.253676953040564	I	13.3852708957
I32	51	11.253676953040564	I	6.771380060237146	I	13.9213326972
I88	51	10.447418511699624	I	6.364622461742748	I	0.0
I61	51	6.364622461742748	I	10.447418511699624	I	13.9469831128
I30	51	8.463179373764842	I	10.97823762568905	I	10.9909441696
I26	51	10.97823762568905	I	7.027808455842162	I	10.3187735973
I63	51	7.027808455842162	I	8.463179373764842	I	16.2541577542
I2	52	0	N	0	N	10.0662164935
I6	52	0	N	0	N	9.94226553297
I7	52	0	N	0	N	11.825460961
I9	52	0	N	0	N	11.6709696303
I11	52	0	N	0	N	10.6340565842
I13	52	0	N	0	N	9.11630816372
I17	52	0	N	0	N	9.81984085006
I21	52	0	N	0	N	9.22996185254
I22	52	0	N	0	N	8.53081673616
I23	52	0	N	0	N	8.89318199802
I24	52	0	N	0	N	13.8958545242
I36	52	0	N	0	N	11.9287094413
I39	52	0	N	0	N	9.74542617535
I41	52	0	N	0	N	8.46317937376
I43	52	0	N	0	N	14.0653582904
I44	52	0	N	0	N	14.4998668735
I46	52	0	N	0	N	10.1644159972
I49	52	0	N	0	N	9.46153768199
I50	52	0	N	0	N	11.9728898583
I58	52	0	N	0	N	8.84896315442
I59	52	0	N	0	N	2.81489068885
I66	52	0	N	0	N	0.0
I68	52	0	N	0	N	0.0
I69	52	0	N	0	N	1.08546328317
I77	52	0	N	0	N	13.2277646475
I78	52	0	N	0	N	1.79407152199
I83	52	0	N	0	N	6.36142155615
I85	52	0	N	0	N	10.1538816562
I87	52	0	N	0	N	5.75424577243
I94	52	0	N	0	N	0.0
I96	52	0	N	0	N	0.0915785554996
I97	52	0	N	0	N	2.61749061244
C1	1	10.843056438287288	I	9.116308163717983	I	0
I97	1	9.116308163717983	C	7.204133190269737	I	9.21440752905
I69	1	7.204133190269737	I	10.843056438287288	C	8.62982316038
C2	2	14.41825216635924	I	8.675516955938345	I	0
I37	2	8.675516955938345	C	5.351061302428587	I	7.07743053908
I13	2	5.351061302428587	I	14.41825216635924	C	10.8155144058
C3	3	8.568690457604625	I	6.855799356779705	I	0
I82	3	6.855799356779705	C	14.41825216635924	I	11.1230434987
I93	3	14.41825216635924	I	8.568690457604625	C	10.057743783
C4	4	11.253676953040564	I	8.256038859274138	I	0
I78	4	8.256038859274138	C	10.447418511699624	I	8.64205213112
I31	4	10.447418511699624	I	11.253676953040564	C	8.43646325223
C5	5	14.240712153602946	I	6.855799356779705	I	0
I81	5	6.855799356779705	C	14.240712153602946	C	13.7411585907
C6	6	10.97823762568905	I	6.443970681189828	I	0
I16	6	6.443970681189828	C	9.698923650826302	I	9.63478378494
I2	6	9.698923650826302	I	10.97823762568905	C	10.4296622528
C7	7	9.942265532966479	C	9.942265532966479	C	0
C8	8	10.97823762568905	C	10.97823762568905	C	0
C9	9	8.893181998019298	C	8.893181998019298	C	0
C10	10	13.385270895702757	C	13.385270895702757	C	0
C11	11	10.97823762568905	I	8.154377629641052	I	0
I29	11	8.154377629641052	C	10.066216493459896	I	10.1910095565
I19	11	10.066216493459896	I	10.97823762568905	C	6.86949090635
C12	12	10.318773597292786	C	10.318773597292786	C	0
C13	13	4.334754235388375	C	4.334754235388375	C	0
C14	14	8.256038859274138	I	8.568690457604625	I	0
I21	14	8.568690457604625	C	8.568690457604625	I	4.28353519756
I66	14	8.568690457604625	I	8.256038859274138	C	9.02721096307
C15	15	12.581216095012342	I	8.463179373764842	I	0
I18	15	8.463179373764842	C	7.8568433434030664	I	9.43346295785
I57	15	7.8568433434030664	I	12.581216095012342	C	11.5265421547
C16	16	13.385270895702757	I	13.552146058962641	I	0
I63	16	13.552146058962641	C	8.78367526813589	I	8.99708605539
I10	16	8.78367526813589	I	13.385270895702757	C	10.5611677495
C17	17	11.253676953040564	C	11.253676953040564	C	0
C18	18	11.679847438237678	I	11.679847438237678	I	0
I5	18	11.679847438237678	C	13.721101667237797	I	11.4082309877
I79	18	13.721101667237797	I	11.679847438237678	C	11.4502491405
C19	19	10.577667251778836	I	3.78246122518484	I	0
I46	19	3.78246122518484	C	7.954795191061123	I	3.96623068028
I11	19	7.954795191061123	I	10.577667251778836	C	9.72631656551
C20	20	12.581216095012342	C	12.581216095012342	C	0
C21	21	8.256038859274138	I	5.351061302428587	I	0
I62	21	5.351061302428587	C	12.426296536093144	I	1.57903546209
I36	21	12.426296536093144	I	8.256038859274138	C	8.93638813635
C22	22	13.220450559773676	I	14.78	I	0
I77	22	14.78	C	9.698923650826302	I	4.54989936036
I14	22	9.698923650826302	I	13.220450559773676	C	9.73135288088
C23	23	9.819840850058812	C	9.819840850058812	C	0
C24	24	12.738067047542346	I	9.698923650826302	I	0
I45	24	9.698923650826302	C	10.318773597292786	I	1.91854985803
I73	24	10.318773597292786	I	12.738067047542346	C	0.75580299594
C25	25	9.942265532966479	I	7.570165391701924	I	0
I83	25	7.570165391701924	C	9.942265532966479	C	0.401434539415
C26	26	13.05765974893583	C	13.05765974893583	C	0
C27	27	13.05765974893583	C	13.05765974893583	C	0
C28	28	8.568690457604625	C	8.568690457604625	C	0
C29	29	11.825460960989183	C	11.825460960989183	C	0
C30	30	9.461537681994532	I	7.204133190269737	I	0
I89	30	7.204133190269737	C	8.568690457604625	I	0.475111426607
I96	30	8.568690457604625	I	9.461537681994532	C	3.27560842279
C31	31	10.447418511699624	I	9.461537681994532	I	0
I43	31	9.461537681994532	C	10.447418511699624	C	2.21890629849
C32	32	10.843056438287288	C	10.843056438287288	C	0
C33	33	12.581216095012342	C	12.581216095012342	C	0
C34	34	11.536026936331455	C	11.536026936331455	C	0
C35	35	11.679847438237678	I	13.05765974893583	I	0
I87	35	13.05765974893583	C	6.605647173393503	I	7.22728378052
I40	35	6.605647173393503	I	11.679847438237678	C	10.6516226102
C36	36	12.12215676260807	C	12.12215676260807	C	0
C37	37	16.729521537563656	C	16.729521537563656	C	0
C38	38	8.675516955938345	C	8.675516955938345	C	0
C39	39	9.3450324703105	I	8.675516955938345	I	0
I67	39	8.675516955938345	C	8.675516955938345	I	2.15372393766
I74	39	8.675516955938345	I	9.3450324703105	C	16.2863035853
C40	40	13.05765974893583	I	12.896873472510286	I	0
I4	40	12.896873472510286	C	13.05765974893583	C	7.29394765212
C41	41	13.220450559773676	I	10.191712759754719	I	0
I86	41	10.191712759754719	C	8.256038859274138	I	4.31572092907
I25	41	8.256038859274138	I	13.220450559773676	C	14.9600886514
C42	42	10.97823762568905	I	10.843056438287288	I	0
I50	42	10.843056438287288	C	8.358967506983737	I	3.13884596206
I84	42	8.358967506983737	I	10.97823762568905	C	10.763739216
C43	43	9.698923650826302	C	9.698923650826302	C	0
C44	44	13.05765974893583	I	13.721101667237797	I	0
I47	44	13.721101667237797	C	12.12215676260807	I	10.0801256691
I54	44	12.12215676260807	I	13.05765974893583	C	14.4090185477
C45	45	7.476949706145677	I	6.364622461742748	I	0
I59	45	6.364622461742748	C	11.115104126962537	I	0.582271447873
I95	45	11.115104126962537	I	7.476949706145677	C	11.0413927333
C46	46	8.154377629641052	I	7.570165391701924	I	0
I71	46	7.570165391701924	C	8.675516955938345	I	15.1867782522
I56	46	8.675516955938345	I	8.154377629641052	C	0.310999538165
C47	47	11.972889858309594	I	7.6645432041113954	I	0
I80	47	7.6645432041113954	C	9.698923650826302	I	2.80324999327
I92	47	9.698923650826302	I	11.972889858309594	C	12.878594332
C48	48	14.598005583599068	C	14.598005583599068	C	0
C49	49	12.581216095012342	C	12.581216095012342	C	0
C50	50	9.461537681994532	I	8.893181998019298	I	0
I53	50	8.893181998019298	C	9.461537681994532	C	0.0
I94	51	7.954795191061123	I	7.6645432041113954	I	7.54804043901
I39	51	7.6645432041113954	I	7.954795191061123	I	8.56589302227
I55	51	11.972889858309594	I	8.053968211655981	I	13.7033790411
I26	51	8.053968211655981	I	13.220450559773676	I	13.0576597489
I1	51	13.220450559773676	I	11.972889858309594	I	17.0957106353
I32	51	7.2939476521240865	I	7.027808455842162	I	10.8430564383
I52	51	7.027808455842162	I	11.115104126962537	I	17.7058750377
I12	51	11.115104126962537	I	7.2939476521240865	I	10.3187735973
I23	51	5.092327094233677	I	10.191712759754719	I	9.81984085006
I38	51	10.191712759754719	I	5.092327094233677	I	8.67551695594
I85	51	5.417773379861634	I	5.693043070845401	I	0.953054290185
I68	51	5.693043070845401	I	5.417773379861634	I	4.51585677491
I44	51	10.191712759754719	I	13.892163657590258	I	15.9588663542
I65	51	13.892163657590258	I	7.476949706145677	I	9.56152843435
I7	51	7.476949706145677	I	10.191712759754719	I	18.3164274664
I3	52	0	N	0	N	14.3379808026
I6	52	0	N	0	N	5.7640186603
I8	52	0	N	0	N	10.9782376257
I9	52	0	N	0	N	8.89318199802
I15	52	0	N	0	N	8.2588362946
I17	52	0	N	0	N	11.253676953
I20	52	0	N	0	N	12.581216095
I22	52	0	N	0	N	11.825460961
I24	52	0	N	0	N	16.1622504516
I27	52	0	N	0	N	13.0576597489
I28	52	0	N	0	N	8.5686904576
I30	52	0	N	0	N	16.3411238904
I33	52	0	N	0	N	13.289618083
I34	52	0	N	0	N	11.5360269363
I35	52	0	N	0	N	11.5360269363
I41	52	0	N	0	N	10.8191637462
I42	52	0	N	0	N	17.5741263593
I48	52	0	N	0	N	14.5980055836
I49	52	0	N	0	N	12.581216095
I51	52	0	N	0	N	6.48626983975
I58	52	0	N	0	N	0.0
I60	52	0	N	0	N	12.0893926234
I61	52	0	N	0	N	0.0
I64	52	0	N	0	N	3.3676427654
I70	52	0	N	0	N	0.0
I72	52	0	N	0	N	1.72668853743
I75	52	0	N	0	N	15.6730147759
I76	52	0	N	0	N	2.44821895335
I88	52	0	N	0	N	5.46419900393
I90	52	0	N	0	N	6.3447321323
I91	52	0	N	0	N	0.209722950621
I98	52	0	N	0	N	0.0
I99	52	0	N	0	N	2.84171636844
I100	52	0	N	0	N	0.0
C1	1	11.115104126962537	I	7.954795191061123	I	0
I65	1	7.954795191061123	C	6.2862513013545795	I	5.55874528103
I53	1	6.2862513013545795	I	11.115104126962537	C	10.8068677032
C2	2	14.065358290441333	C	14.065358290441333	C	0
C3	3	12.426296536093144	I	13.385270895702757	I	0
I6	3	13.385270895702757	C	10.066216493459896	I	8.1629329489
I46	3	10.066216493459896	I	12.426296536093144	C	12.3302649941
C4	4	11.972889858309594	I	13.385270895702757	I	0
I56	4	13.385270895702757	C	15.339710377105812	I	15.2512032509
I82	4	15.339710377105812	I	11.972889858309594	C	12.5376409441
C5	5	11.972889858309594	I	11.679847438237678	I	0
I9	5	11.679847438237678	C	10.843056438287288	I	8.48862586988
I90	5	10.843056438287288	I	11.972889858309594	C	14.1301451207
C6	6	13.05765974893583	I	13.385270895702757	I	0
I26	6	13.385270895702757	C	13.05765974893583	C	10.0666373319
C7	7	12.426296536093144	I	10.97823762568905	I	0
I49	7	10.97823762568905	C	13.220450559773676	I	11.6829948121
I58	7	13.220450559773676	I	12.426296536093144	C	10.4866228824
C8	8	9.942265532966479	C	9.942265532966479	C	0
C9	9	9.229961852537704	I	8.78367526813589	I	0
I42	9	8.78367526813589	C	12.426296536093144	I	12.3455202813
I72	9	12.426296536093144	I	9.229961852537704	C	9.38986239729
C10	10	15.72457720656396	I	14.598005583599068	I	0
I54	10	14.598005583599068	C	9.461537681994532	I	10.9929240776
I36	10	9.461537681994532	I	15.72457720656396	C	13.6083461052
C11	11	11.679847438237678	I	13.220450559773676	I	0
I3	11	13.220450559773676	C	13.552146058962641	I	13.7110110858
I61	11	13.552146058962641	I	11.679847438237678	C	9.39030201488
C12	12	8.463179373764842	I	7.115424664177875	I	0
I30	12	7.115424664177875	C	11.825460960989183	I	9.38795759684
I68	12	11.825460960989183	I	8.463179373764842	C	10.6687402213
C13	13	13.552146058962641	I	13.05765974893583	I	0
I33	13	13.05765974893583	C	9.461537681994532	I	8.94689303222
I99	13	9.461537681994532	I	13.552146058962641	C	10.519966918
C14	14	12.12215676260807	I	5.982298840142438	I	0
I44	14	5.982298840142438	C	10.447418511699624	I	9.1476709036
I38	14	10.447418511699624	I	12.12215676260807	C	9.24424556903
C15	15	9.579495372778311	I	10.447418511699624	I	0
I100	15	10.447418511699624	C	9.579495372778311	C	7.94755479533
C16	16	12.12215676260807	I	11.679847438237678	I	0
I70	16	11.679847438237678	C	5.982298840142438	I	8.50655610503
I48	16	5.982298840142438	I	12.12215676260807	C	10.0509582787
C17	17	13.552146058962641	C	13.552146058962641	C	0
C18	18	8.256038859274138	C	8.256038859274138	C	0
C19	19	11.253676953040564	C	11.253676953040564	C	0
C20	20	10.843056438287288	I	11.253676953040564	I	0
I1	20	11.253676953040564	C	8.893181998019298	I	8.41422028764
I91	20	8.893181998019298	I	10.843056438287288	C	12.073903671
C21	21	11.253676953040564	C	11.253676953040564	C	0
C22	22	13.385270895702757	C	13.385270895702757	C	0
C23	23	14.964263354264494	I	10.318773597292786	I	0
I67	23	10.318773597292786	C	10.191712759754719	I	11.1240531543
I18	23	10.191712759754719	I	14.964263354264494	C	13.7547056325
C24	24	14.964263354264494	C	14.964263354264494	C	0
C25	25	12.896873472510286	I	8.568690457604625	I	0
I78	25	8.568690457604625	C	12.896873472510286	C	7.81214157377
C26	26	4.281377979142706	C	4.281377979142706	C	0
C27	27	12.896873472510286	I	10.447418511699624	I	0
I73	27	10.447418511699624	C	7.7600976316956105	I	10.5324948644
I63	27	7.7600976316956105	I	12.896873472510286	C	7.51757086693
C28	28	9.229961852537704	C	9.229961852537704	C	0
C29	29	13.220450559773676	I	12.273284588453684	I	0
I40	29	12.273284588453684	C	6.443970681189828	I	5.67265916389
I83	29	6.443970681189828	I	13.220450559773676	C	13.9917620771
C30	30	6.855799356779705	I	6.364622461742748	I	0
I77	30	6.364622461742748	C	6.855799356779705	C	0.0
C31	31	9.942265532966479	C	9.942265532966479	C	0
C32	32	10.577667251778836	I	7.954795191061123	I	0
I69	32	7.954795191061123	C	7.2939476521240865	I	9.41638299133
I41	32	7.2939476521240865	I	10.577667251778836	C	0.876180546957
C33	33	11.825460960989183	I	5.417773379861634	I	0
I93	33	5.417773379861634	C	11.825460960989183	C	5.07866627358
C34	34	7.7600976316956105	I	6.208845168950004	I	0
I85	34	6.208845168950004	C	7.7600976316956105	C	3.54402065951
C35	35	7.570165391701924	C	7.570165391701924	C	0
C36	36	8.463179373764842	C	8.463179373764842	C	0
C37	37	11.679847438237678	I	14.78	I	0
I80	37	14.78	C	13.552146058962641	I	22.0805642505
I88	37	13.552146058962641	I	11.679847438237678	C	6.21190817112
C38	38	13.220450559773676	I	12.12215676260807	I	0
I22	38	12.12215676260807	C	6.208845168950004	I	8.38535504095
I87	38	6.208845168950004	I	13.220450559773676	C	7.61937274116
C39	39	10.447418511699624	I	7.7600976316956105	I	0
I95	39	7.7600976316956105	C	10.447418511699624	C	5.76777901462
C40	40	9.819840850058812	C	9.819840850058812	C	0
C41	41	7.7600976316956105	C	7.7600976316956105	C	0
C42	42	12.581216095012342	C	12.581216095012342	C	0
C43	43	12.12215676260807	I	7.027808455842162	I	0
I47	43	7.027808455842162	C	12.12215676260807	C	9.88421820847
C44	44	11.679847438237678	C	11.679847438237678	C	0
C45	45	13.552146058962641	I	11.3939773768008	I	0
I66	45	11.3939773768008	C	12.738067047542346	I	15.0627394785
I71	45	12.738067047542346	I	13.552146058962641	C	10.2244442044
C46	46	6.208845168950004	C	6.208845168950004	C	0
C47	47	11.115104126962537	C	11.115104126962537	C	0
C48	48	12.896873472510286	C	12.896873472510286	C	0
C49	49	12.426296536093144	C	12.426296536093144	C	0
C50	50	12.581216095012342	C	12.581216095012342	C	0
I37	51	10.191712759754719	I	10.70953981254382	I	11.115104127
I13	51	10.70953981254382	I	10.191712759754719	I	13.0576597489
I15	51	9.229961852537704	I	10.577667251778836	I	10.9168279304
I76	51	10.577667251778836	I	10.066216493459896	I	13.7638019171
I7	51	10.066216493459896	I	9.229961852537704	I	12.9202919897
I50	51	12.581216095012342	I	8.053968211655981	I	12.581216095
I64	51	8.053968211655981	I	5.693043070845401	I	15.3662762291
I14	51	5.693043070845401	I	12.581216095012342	I	11.2241387635
I19	51	11.536026936331455	I	6.9412711149423965	I	11.253676953
I28	51	6.9412711149423965	I	13.385270895702757	I	14.3535293195
I24	51	13.385270895702757	I	11.536026936331455	I	14.9642633543
I34	51	8.358967506983737	I	12.273284588453684	I	17.1442082516
I29	51	12.273284588453684	I	8.358967506983737	I	12.2732845885
I74	51	11.825460960989183	I	6.443970681189828	I	6.25536267444
I92	51	6.443970681189828	I	11.825460960989183	I	13.7407540657
I94	51	9.579495372778311	I	8.053968211655981	I	13.7313120928
I5	51	8.053968211655981	I	9.116308163717983	I	11.6798474382
I10	51	9.116308163717983	I	9.579495372778311	I	13.0576597489
I2	51	10.191712759754719	I	5.351061302428587	I	14.0653582904
I97	51	5.351061302428587	I	10.191712759754719	I	6.90891813925
I96	51	8.893181998019298	I	11.536026936331455	I	14.3885210708
I43	51	11.536026936331455	I	8.893181998019298	I	12.4048231553
I4	52	0	N	0	N	10.4474185117
I8	52	0	N	0	N	9.94226553297
I11	52	0	N	0	N	19.5426183594
I12	52	0	N	0	N	6.44105053022
I16	52	0	N	0	N	11.115104127
I17	52	0	N	0	N	13.552146059
I20	52	0	N	0	N	9.57949537278
I21	52	0	N	0	N	11.253676953
I23	52	0	N	0	N	8.25603885927
I25	52	0	N	0	N	11.3407499118
I27	52	0	N	0	N	12.1221567626
I31	52	0	N	0	N	9.94226553297
I32	52	0	N	0	N	8.84820888663
I35	52	0	N	0	N	7.5701653917
I39	52	0	N	0	N	9.20584198864
I45	52	0	N	0	N	9.34503247031
I51	52	0	N	0	N	5.4585893239
I52	52	0	N	0	N	8.63385592293
I55	52	0	N	0	N	4.11232443017
I57	52	0	N	0	N	5.19321575028
I59	52	0	N	0	N	1.75661751767
I60	52	0	N	0	N	6.90659403932
I62	52	0	N	0	N	2.92805307812
I75	52	0	N	0	N	4.49046547112
I79	52	0	N	0	N	3.48804384387
I81	52	0	N	0	N	3.03402689393
I84	52	0	N	0	N	8.35896750698
I86	52	0	N	0	N	15.3600863717
I89	52	0	N	0	N	9.73255228486
I98	52	0	N	0	N	3.88312440572
C1	1	11.3939773768008	I	5.092327094233677	I	0
I93	1	5.092327094233677	C	10.843056438287288	I	11.0588657336
I90	1	10.843056438287288	I	11.3939773768008	C	7.38453792693
C2	2	13.05765974893583	I	9.461537681994532	I	0
I85	2	9.461537681994532	C	16.729521537563656	I	11.701191938
I91	2	16.729521537563656	I	13.05765974893583	C	12.3737857022
C3	3	12.426296536093144	I	11.972889858309594	I	0
I32	3	11.972889858309594	C	10.70953981254382	I	12.694080539
I33	3	10.70953981254382	I	12.426296536093144	C	8.98873218361
C4	4	13.552146058962641	I	9.461537681994532	I	0
I55	4	9.461537681994532	C	11.825460960989183	I	9.81037055219
I48	4	11.825460960989183	I	13.552146058962641	C	13.3890010803
C5	5	14.065358290441333	I	11.825460960989183	I	0
I27	5	11.825460960989183	C	14.065358290441333	C	10.3699584921
C6	6	7.204133190269737	I	7.7600976316956105	I	0
I45	6	7.7600976316956105	C	9.229961852537704	I	7.4121037497
I76	6	9.229961852537704	I	7.204133190269737	C	9.86134766934
C7	7	9.3450324703105	I	9.229961852537704	I	0
I66	7	9.229961852537704	C	10.70953981254382	I	9.78861427665
I46	7	10.70953981254382	I	9.3450324703105	C	6.46802573909
C8	8	13.892163657590258	I	12.426296536093144	I	0
I36	8	12.426296536093144	C	12.896873472510286	I	11.4308301544
I35	8	12.896873472510286	I	13.892163657590258	C	8.46515283241
C9	9	10.066216493459896	I	10.577667251778836	I	0
I9	9	10.577667251778836	C	10.066216493459896	C	7.43764838182
C10	10	12.426296536093144	I	14.598005583599068	I	0
I94	10	14.598005583599068	C	11.115104126962537	I	15.4969754794
I65	10	11.115104126962537	I	12.426296536093144	C	7.64951169288
C11	11	15.530951682080874	I	14.78	I	0
I70	11	14.78	C	15.530951682080874	C	10.4366531944
C12	12	12.12215676260807	I	10.447418511699624	I	0
I64	12	10.447418511699624	C	8.053968211655981	I	5.00469095281
I39	12	8.053968211655981	I	12.12215676260807	C	12.2940900793
C13	13	9.116308163717983	I	8.053968211655981	I	0
I41	13	8.053968211655981	C	9.698923650826302	I	8.10958419254
I20	13	9.698923650826302	I	9.116308163717983	C	4.89899151578
C14	14	9.698923650826302	C	9.698923650826302	C	0
C15	15	7.7600976316956105	C	7.7600976316956105	C	0
C16	16	12.896873472510286	I	8.568690457604625	I	0
I98	16	8.568690457604625	C	12.896873472510286	C	6.3091756442
C17	17	8.463179373764842	I	10.577667251778836	I	0
I17	17	10.577667251778836	C	9.004053956411697	I	5.91720435819
I24	17	9.004053956411697	I	8.463179373764842	C	13.4936854821
C18	18	9.004053956411697	I	10.843056438287288	I	0
I79	18	10.843056438287288	C	9.004053956411697	C	6.4033192691
C19	19	13.385270895702757	C	13.385270895702757	C	0
C20	20	15.72457720656396	I	13.220450559773676	I	0
I47	20	13.220450559773676	C	14.065358290441333	I	7.17938300022
I100	20	14.065358290441333	I	15.72457720656396	C	14.0448777645
C21	21	19.172269066005107	I	9.116308163717983	I	0
I69	21	9.116308163717983	C	8.154377629641052	I	3.5952339363
I57	21	8.154377629641052	I	19.172269066005107	C	16.4500594766
C22	22	8.675516955938345	C	8.675516955938345	C	0
C23	23	11.825460960989183	I	8.463179373764842	I	0
I3	23	8.463179373764842	C	14.065358290441333	I	9.28014031731
I95	23	14.065358290441333	I	11.825460960989183	C	12.2838942101
C24	24	10.97823762568905	I	10.066216493459896	I	0
I73	24	10.066216493459896	C	13.05765974893583	I	7.11394726458
I5	24	13.05765974893583	I	10.97823762568905	C	14.0653582904
C25	25	6.855799356779705	I	7.7600976316956105	I	0
I78	25	7.7600976316956105	C	9.698923650826302	I	0.163480112496
I86	25	9.698923650826302	I	6.855799356779705	C	11.5055574757
C26	26	7.2939476521240865	C	7.2939476521240865	C	0
C27	27	9.579495372778311	C	9.579495372778311	C	0
C28	28	8.256038859274138	C	8.256038859274138	C	0
C29	29	10.577667251778836	C	10.577667251778836	C	0
C30	30	14.240712153602946	I	7.476949706145677	I	0
I88	30	7.476949706145677	C	8.78367526813589	I	3.05477121535
I87	30	8.78367526813589	I	14.240712153602946	C	11.0175064409
C31	31	7.3848818375239516	C	7.3848818375239516	C	0
C32	32	14.065358290441333	C	14.065358290441333	C	0
C33	33	11.825460960989183	I	13.892163657590258	I	0
I96	33	13.892163657590258	C	7.115424664177875	I	0.0
I30	33	7.115424664177875	I	11.825460960989183	C	14.4643256698
C34	34	8.675516955938345	C	8.675516955938345	C	0
C35	35	14.240712153602946	I	8.463179373764842	I	0
I12	35	8.463179373764842	C	14.240712153602946	C	8.25603885927
C36	36	18.020588602997165	C	18.020588602997165	C	0
C37	37	9.579495372778311	C	9.579495372778311	C	0
C38	38	9.116308163717983	I	8.463179373764842	I	0
I99	38	8.463179373764842	C	8.893181998019298	I	5.2709834756
I84	38	8.893181998019298	I	9.116308163717983	C	11.7791733321
C39	39	13.385270895702757	I	11.115104126962537	I	0
I59	39	11.115104126962537	C	13.892163657590258	I	10.1680427506
I68	39	13.892163657590258	I	13.385270895702757	C	13.2451266749
C40	40	12.738067047542346	I	10.843056438287288	I	0
I81	40	10.843056438287288	C	12.896873472510286	I	7.92156302214
I38	40	12.896873472510286	I	12.738067047542346	C	18.2376603389
C41	41	5.220091421925717	C	5.220091421925717	C	0
C42	42	13.220450559773676	I	11.825460960989183	I	0
I67	42	11.825460960989183	C	13.220450559773676	C	5.10677715769
C43	43	6.9412711149423965	C	6.9412711149423965	C	0
C44	44	10.577667251778836	C	10.577667251778836	C	0
C45	45	15.530951682080874	C	15.530951682080874	C	0
C46	46	10.191712759754719	I	11.679847438237678	I	0
I62	46	11.679847438237678	C	7.570165391701924	I	0.0
I2	46	7.570165391701924	I	10.191712759754719	C	10.7730695333
C47	47	3.78246122518484	C	3.78246122518484	C	0
C48	48	9.698923650826302	I	9.942265532966479	I	0
I40	48	9.942265532966479	C	4.388795937372466	I	6.94127111494
I82	48	4.388795937372466	I	9.698923650826302	C	3.01351111452
C49	49	11.536026936331455	C	11.536026936331455	C	0
C50	50	11.115104126962537	C	11.115104126962537	C	0
I21	51	11.253676953040564	I	7.204133190269737	I	11.6052148288
I60	51	7.204133190269737	I	8.358967506983737	I	9.54247113255
I51	51	8.358967506983737	I	11.253676953040564	I	11.3779071208
I74	51	12.738067047542346	I	11.825460960989183	I	15.3732857
I11	51	11.825460960989183	I	12.738067047542346	I	13.2204505598
I44	51	17.579525755360788	I	12.273284588453684	I	12.1712632271
I19	51	12.273284588453684	I	17.579525755360788	I	16.6612718344
I14	51	6.056880602692996	I	10.70953981254382	I	9.69892365083
I18	51	10.70953981254382	I	7.476949706145677	I	8.92776232475
I52	51	7.476949706145677	I	6.056880602692996	I	9.55965667764
I15	51	10.843056438287288	I	9.819840850058812	I	13.7732631668
I6	51	9.819840850058812	I	9.116308163717983	I	11.6505709937
I4	51	9.116308163717983	I	10.843056438287288	I	16.6111260539
I23	51	7.115424664177875	I	8.463179373764842	I	10.2290520122
I10	51	8.463179373764842	I	10.97823762568905	I	11.3939773768
I92	51	10.97823762568905	I	7.115424664177875	I	15.0126611388
I31	51	8.568690457604625	I	7.7600976316956105	I	11.7135199484
I13	51	7.7600976316956105	I	8.568690457604625	I	11.0210921541
I1	52	0	N	0	N	8.71514628223
I7	52	0	N	0	N	8.05396821166
I8	52	0	N	0	N	12.7154227215
I16	52	0	N	0	N	10.4413895943
I22	52	0	N	0	N	8.67551695594
I25	52	0	N	0	N	6.28625130135
I26	52	0	N	0	N	10.9234695179
I28	52	0	N	0	N	8.25603885927
I29	52	0	N	0	N	10.5776672518
I34	52	0	N	0	N	8.67551695594
I37	52	0	N	0	N	10.2432354406
I42	52	0	N	0	N	12.2354138289
I43	52	0	N	0	N	6.94127111494
I49	52	0	N	0	N	11.5360269363
I50	52	0	N	0	N	11.115104127
I53	52	0	N	0	N	0.0
I54	52	0	N	0	N	6.42422761755
I56	52	0	N	0	N	5.0506316397
I58	52	0	N	0	N	8.35449731702
I61	52	0	N	0	N	9.1902423085
I63	52	0	N	0	N	10.0867690029
I71	52	0	N	0	N	5.89639939695
I72	52	0	N	0	N	7.10527001799
I75	52	0	N	0	N	0.0
I77	52	0	N	0	N	0.0
I80	52	0	N	0	N	10.8557363814
I83	52	0	N	0	N	8.33946777299
I89	52	0	N	0	N	11.7214159154
I97	52	0	N	0	N	6.44386479873
C1	1	10.97823762568905	I	9.3450324703105	I	0
I71	1	9.3450324703105	C	10.97823762568905	C	9.50915531953
C2	2	10.97823762568905	C	10.97823762568905	C	0
C3	3	14.964263354264494	C	14.964263354264494	C	0
C4	4	13.385270895702757	I	7.8568433434030664	I	0
I16	4	7.8568433434030664	C	11.679847438237678	I	11.0012367481
I11	4	11.679847438237678	I	13.385270895702757	C	11.6244990937
C5	5	7.954795191061123	C	7.954795191061123	C	0
C6	6	12.426296536093144	I	8.463179373764842	I	0
I88	6	8.463179373764842	C	11.972889858309594	I	8.60854033394
I52	6	11.972889858309594	I	12.426296536093144	C	13.6018895657
C7	7	9.819840850058812	I	10.191712759754719	I	0
I44	7	10.191712759754719	C	9.819840850058812	C	7.29396627882
C8	8	12.12215676260807	I	10.066216493459896	I	0
I92	8	10.066216493459896	C	12.12215676260807	C	9.12251173993
C9	9	10.97823762568905	I	12.581216095012342	I	0
I32	9	12.581216095012342	C	7.7600976316956105	I	12.2006509326
I85	9	7.7600976316956105	I	10.97823762568905	C	7.12645650257
C10	10	7.8568433434030664	I	6.056880602692996	I	0
I10	10	6.056880602692996	C	14.41825216635924	I	11.6722296512
I76	10	14.41825216635924	I	7.8568433434030664	C	6.96339222425
C11	11	13.05765974893583	I	7.2939476521240865	I	0
I70	11	7.2939476521240865	C	9.3450324703105	I	9.33955976742
I31	11	9.3450324703105	I	13.05765974893583	C	10.3882891242
C12	12	14.598005583599068	I	11.825460960989183	I	0
I73	12	11.825460960989183	C	8.463179373764842	I	9.20271995633
I58	12	8.463179373764842	I	14.598005583599068	C	14.9614721246
C13	13	13.892163657590258	I	10.447418511699624	I	0
I68	13	10.447418511699624	C	10.447418511699624	I	8.05245582381
I98	13	10.447418511699624	I	13.892163657590258	C	14.8149750112
C14	14	9.698923650826302	I	10.066216493459896	I	0
I9	14	10.066216493459896	C	13.552146058962641	I	9.24020160642
I80	14	13.552146058962641	I	9.698923650826302	C	14.0978264471
C15	15	10.843056438287288	C	10.843056438287288	C	0
C16	16	13.552146058962641	I	7.570165391701924	I	0
I87	16	7.570165391701924	C	8.154377629641052	I	10.3380395644
I97	16	8.154377629641052	I	13.552146058962641	C	9.18588320227
C17	17	6.5243081407634484	C	6.5243081407634484	C	0
C18	18	10.447418511699624	I	9.579495372778311	I	0
I95	18	9.579495372778311	C	11.253676953040564	I	14.1048592702
I59	18	11.253676953040564	I	10.447418511699624	C	8.75510765397
C19	19	12.581216095012342	I	11.3939773768008	I	0
I90	19	11.3939773768008	C	8.256038859274138	I	7.44026431754
I94	19	8.256038859274138	I	12.581216095012342	C	7.41058841106
C20	20	11.3939773768008	C	11.3939773768008	C	0
C21	21	15.15082393340888	I	13.721101667237797	I	0
I3	21	13.721101667237797	C	12.581216095012342	I	11.9783637521
I25	21	12.581216095012342	I	15.15082393340888	C	11.1518850264
C22	22	9.698923650826302	C	9.698923650826302	C	0
C23	23	7.476949706145677	C	7.476949706145677	C	0
C24	24	8.154377629641052	I	6.2862513013545795	I	0
I83	24	6.2862513013545795	C	8.256038859274138	I	1.23838034626
I48	24	8.256038859274138	I	8.154377629641052	C	4.41751021926
C25	25	11.115104126962537	I	7.954795191061123	I	0
I64	25	7.954795191061123	C	11.115104126962537	C	8.72091930827
C26	26	9.461537681994532	I	6.056880602692996	I	0
I37	26	6.056880602692996	C	11.536026936331455	I	3.85015182441
I75	26	11.536026936331455	I	9.461537681994532	C	1.38455190997
C27	27	9.3450324703105	C	9.3450324703105	C	0
C28	28	9.698923650826302	I	9.819840850058812	I	0
I17	28	9.819840850058812	C	9.698923650826302	C	6.36462246174
C29	29	12.896873472510286	I	12.12215676260807	I	0
I84	29	12.12215676260807	C	6.364622461742748	I	6.24265230475
I19	29	6.364622461742748	I	12.896873472510286	C	9.11630816372
C30	30	10.97823762568905	C	10.97823762568905	C	0
C31	31	12.12215676260807	I	12.426296536093144	I	0
I86	31	12.426296536093144	C	12.12215676260807	C	3.49262091297
C32	32	10.70953981254382	I	5.693043070845401	I	0
I69	32	5.693043070845401	C	8.256038859274138	I	12.0847749106
I46	32	8.256038859274138	I	10.70953981254382	C	6.13882640966
C33	33	10.97823762568905	C	10.97823762568905	C	0
C34	34	13.385270895702757	C	13.385270895702757	C	0
C35	35	11.679847438237678	I	8.256038859274138	I	0
I99	35	8.256038859274138	C	11.679847438237678	I	13.4102327303
I43	35	11.679847438237678	I	11.679847438237678	C	7.05328997612
C36	36	11.3939773768008	C	11.3939773768008	C	0
C37	37	12.738067047542346	C	12.738067047542346	C	0
C38	38	11.536026936331455	I	13.220450559773676	I	0
I55	38	13.220450559773676	C	8.893181998019298	I	8.65949219227
I72	38	8.893181998019298	I	11.536026936331455	C	4.3505687959
C39	39	9.698923650826302	C	9.698923650826302	C	0
C40	40	6.364622461742748	C	6.364622461742748	C	0
C41	41	11.3939773768008	I	11.972889858309594	I	0
I40	41	11.972889858309594	C	9.004053956411697	I	9.20845732285
I41	41	9.004053956411697	I	11.3939773768008	C	11.7622569926
C42	42	10.97823762568905	C	10.97823762568905	C	0
C43	43	9.819840850058812	C	9.819840850058812	C	0
C44	44	11.253676953040564	C	11.253676953040564	C	0
C45	45	12.896873472510286	I	16.11910018159303	I	0
I100	45	16.11910018159303	C	9.3450324703105	I	8.92607602814
I34	45	9.3450324703105	I	12.896873472510286	C	13.8666757101
C46	46	8.568690457604625	C	8.568690457604625	C	0
C47	47	6.688000265765443	C	6.688000265765443	C	0
C48	48	15.15082393340888	C	15.15082393340888	C	0
C49	49	9.116308163717983	C	9.116308163717983	C	0
C50	50	11.536026936331455	I	8.358967506983737	I	0
I74	50	8.358967506983737	C	11.536026936331455	C	9.89753006671
I21	51	6.9412711149423965	I	10.447418511699624	I	12.8968734725
I45	51	10.447418511699624	I	6.9412711149423965	I	18.0690497649
I4	51	11.115104126962537	I	12.581216095012342	I	23.3922605182
I81	51	12.581216095012342	I	13.552146058962641	I	14.949897087
I79	51	13.552146058962641	I	11.115104126962537	I	6.11229190691
I22	51	8.358967506983737	I	9.004053956411697	I	9.69892365083
I56	51	9.004053956411697	I	7.6645432041113954	I	5.2810300624
I49	51	7.6645432041113954	I	8.358967506983737	I	9.11630816372
I62	51	4.846103187585837	I	6.208845168950004	I	6.28625130135
I53	51	6.208845168950004	I	7.204133190269737	I	7.59431496554
I67	51	7.204133190269737	I	4.846103187585837	I	4.92525449761
I89	51	9.819840850058812	I	11.253676953040564	I	13.2789359939
I5	51	11.253676953040564	I	10.191712759754719	I	11.2190028466
I15	51	10.191712759754719	I	9.819840850058812	I	10.8430564383
I65	51	7.8568433434030664	I	6.208845168950004	I	9.53351574264
I51	51	6.208845168950004	I	8.053968211655981	I	7.02780845584
I50	51	8.053968211655981	I	7.8568433434030664	I	7.29174939861
I8	51	7.115424664177875	I	8.463179373764842	I	12.0880477532
I54	51	8.463179373764842	I	8.358967506983737	I	17.6634593765
I30	51	8.358967506983737	I	7.115424664177875	I	10.9782376257
I1	52	0	N	0	N	8.78367526814
I2	52	0	N	0	N	10.9782376257
I6	52	0	N	0	N	9.69892365083
I7	52	0	N	0	N	9.69892365083
I12	52	0	N	0	N	9.81984085006
I13	52	0	N	0	N	10.0573706976
I14	52	0	N	0	N	8.89318199802
I18	52	0	N	0	N	7.95479519106
I20	52	0	N	0	N	11.3939773768
I23	52	0	N	0	N	7.47694970615
I24	52	0	N	0	N	13.0372065978
I26	52	0	N	0	N	15.4962826927
I27	52	0	N	0	N	9.34503247031
I28	52	0	N	0	N	7.95479519106
I29	52	0	N	0	N	14.5472507959
I33	52	0	N	0	N	10.9782376257
I35	52	0	N	0	N	8.5686904576
I36	52	0	N	0	N	11.3939773768
I38	52	0	N	0	N	11.115104127
I39	52	0	N	0	N	9.69892365083
I42	52	0	N	0	N	10.9782376257
I47	52	0	N	0	N	6.68800026577
I57	52	0	N	0	N	0.0
I60	52	0	N	0	N	12.2399101023
I61	52	0	N	0	N	15.8795086565
I63	52	0	N	0	N	3.53147676825
I66	52	0	N	0	N	0.470973062918
I77	52	0	N	0	N	0.0
I78	52	0	N	0	N	1.86994345716
I82	52	0	N	0	N	10.4367133049
I91	52	0	N	0	N	9.99505176467
I93	52	0	N	0	N	0.0
I96	52	0	N	0	N	2.44372402767
